[Header],,,,,,,,,
IEMFileVersion,4,,,,,,,,
Investigator Name,Joe,,,,,,,,
Experiment Name,EXPID,,,,,,,,
Date,01/01/2000,,,,,,,,
Workflow,GenerateFASTQ,,,,,,,,
Application,FASTQ Only,,,,,,,,
Assay,Assay Name,,,,,,,,
Description,The Description,,,,,,,,
Chemistry,Amplicon,,,,,,,,
,,,,,,,,,
[Reads],,,,,,,,,
151,,,,,,,,,
151,,,,,,,,,
,,,,,,,,,
[Settings],,,,,,,,,
ReverseComplement,0,,,,,,,,
Adapter,AGATCGGAAGAGCACACGTCTGAACTCCAGTCA,,,,,,,,
AdapterRead2,AGATCGGAAGAGCGTCGTGTAGGGAAAGAGTGT,,,,,,,,
,,,,,,,,,
[Data],,,,,,,,,
Sample_ID,Sample_Name,Sample_Plate,Sample_Well,R1_Barcode_Bases,R2_Barcode_Bases,I7_Index_ID,index,I5_Index_ID,index2,Sample_Project,Description
20000101-EXPID-1,Sample_Name_1,,,GATTACAG,GATTACAGA,I7_1,GATTACAACGT,I5_1,GATTACA,Sample_Project_1,Description_1
20000101-EXPID-2,Sample_Name_2,,,GATTACAG,GATTACAGA,I7_2,GATTACAACGT,I5_2,GATTACA,Sample_Project_2,Description_2
20000101-EXPID-3,Sample_Name_3,,,GATTACAG,GATTACAGA,I7_3,GATTACAACGT,I5_3,GATTACA,Sample_Project_3,Description_3
20000101-EXPID-4,Sample_Name_4,,,GATTACAG,GATTACAGA,I7_4,GATTACAACGT,I5_4,GATTACA,Sample_Project_4,Description_4
20000101-EXPID-5,Sample_Name_5,,,GATTACAG,GATTACAGA,I7_5,GATTACAACGT,I5_5,GATTACA,Sample_Project_5,Description_5
20000101-EXPID-6,Sample_Name_6,,,GATTACAG,GATTACAGA,I7_6,GATTACAACGT,I5_6,GATTACA,Sample_Project_6,Description_6
20000101-EXPID-7,Sample_Name_7,,,GATTACAG,GATTACAGA,I7_7,GATTACAACGT,I5_7,GATTACA,Sample_Project_7,Description_7
20000101-EXPID-8,Sample_Name_8,,,GATTACAG,GATTACAGA,I7_8,GATTACAACGT,I5_8,GATTACA,Sample_Project_8,Description_8
20000101-EXPID-9,Sample_Name_9,,,GATTACAG,GATTACAGA,I7_9,GATTACAACGT,I5_9,GATTACA,Sample_Project_9,Description_9
20000101-EXPID-10,Sample_Name_10,,,GATTACAG,GATTACAGA,I7_10,GATTACAACGT,I5_10,GATTACA,Sample_Project_10,Description_10
20000101-EXPID-11,Sample_Name_11,,,GATTACAG,GATTACAGA,I7_11,GATTACAACGT,I5_11,GATTACA,Sample_Project_11,Description_11
20000101-EXPID-12,Sample_Name_12,,,GATTACAG,GATTACAGA,I7_12,GATTACAACGT,I5_12,GATTACA,Sample_Project_12,Description_12
